Код претендента;Рейтинг университета окончания;Средний балл диплома;Опыт работы (лет);Возраст;Рейтинг университета диплома;Баллы за сертификаты;Желаемая заработная плата;Итоговая зарплата от компании
1001;82;3,22;10;33;84;89;237000;237000
1002;4;3,19;3;29;16;0;155000;155000
1003;70;3,84;6;30;70;74;212000;197000
1004;98;3,67;2;24;97;64;140000;130000
1005;94;3,92;2;27;99;66;146000;136000
1006;6;4,32;11;33;9;32;322000;299000
1007;47;3,33;5;29;43;0;192000;177000
1008;32;3,33;5;31;20;61;242000;216000
1009;30;4,64;11;36;29;60;307000;307000
1010;83;3,92;4;27;88;88;175000;175000
1011;75;3,80;3;26;71;0;126000;126000
1012;88;3,84;1;26;87;79;136000;136000
1013;2;4,36;2;28;2;57;199000;185000
1014;93;4,75;4;30;79;84;229000;203000
1015;39;4,68;7;30;46;87;316000;269000
1016;63;3,04;15;39;74;50;389000;352000
1017;11;4,46;12;38;11;90;333000;333000
1018;78;3,85;3;29;73;45;172000;151000
1019;86;4,30;6;32;80;0;166000;166000
1020;76;3,44;2;24;77;24;144000;115000
1021;31;3,56;6;32;43;80;221000;221000
1022;53;3,38;2;27;66;72;155000;144000
1023;87;4,31;9;31;81;51;237000;237000
1024;18;3,84;4;27;22;29;201000;201000
1025;71;3,20;9;35;81;50;221000;221000
1026;28;4,73;14;37;9;69;367000;367000
1027;59;3,57;9;35;54;47;305000;255000
1028;70;3,12;4;26;62;84;208000;175000
1029;8;4,92;2;25;10;71;189000;189000
1030;32;4,16;1;23;33;94;183000;166000
1031;34;3,41;10;33;33;78;285000;285000
1032;10;3,02;8;34;14;29;261000;243000
1033;17;4,87;13;36;13;58;397000;369000
1034;84;4,06;9;35;87;33;288000;227000
1035;15;4,78;10;33;13;46;349000;325000
1036;65;3,98;14;36;75;0;320000;298000
1037;1;3,67;2;26;5;91;170000;170000
1038;89;4,81;7;31;96;38;227000;207000
1039;47;4,80;11;33;51;33;305000;305000
1040;53;4,95;10;33;49;42;347000;274000
1041;95;4,85;11;36;100;54;267000;267000
1042;49;4,74;13;36;33;78;353000;353000
1043;30;3,45;9;34;22;55;269000;269000
1044;87;4,96;7;29;100;0;255000;201000
1045;34;3,08;8;32;33;85;233000;233000
1046;25;3,51;10;32;18;88;334000;311000
1047;95;4,34;5;27;100;35;200000;173000
1048;40;4,33;4;28;34;44;203000;203000
1049;87;4,50;3;29;83;0;141000;141000
1050;75;4,21;4;29;84;47;184000;171000
1051;95;3,34;2;28;89;0;124000;99000
1052;40;3,45;3;25;30;0;185000;155000
1053;99;3,15;5;31;100;51;149000;149000
1054;97;4,72;13;38;100;86;338000;314000
1055;16;3,91;11;37;26;76;349000;325000
1056;65;3,85;14;39;64;80;352000;352000
1057;82;3,55;11;36;77;0;246000;229000
1058;41;4,79;2;25;36;39;195000;163000
1059;53;3,66;6;28;55;94;272000;210000
1060;98;4,15;6;30;100;69;235000;214000
1061;54;4,08;10;36;61;82;257000;257000
1062;87;4,60;10;35;81;99;307000;307000
1063;76;4,13;1;26;81;0;112000;104000
1064;42;3,68;13;37;48;73;320000;298000
1065;3;4,50;1;25;3;25;192000;179000
1066;26;4,68;8;31;28;0;285000;260000
1067;28;3,93;4;28;33;34;220000;183000
1068;40;3,22;1;25;49;68;140000;140000
1069;10;4,18;12;35;21;96;405000;366000
1070;73;4,57;5;30;81;28;201000;187000
1071;54;4,64;2;26;44;75;167000;167000
1072;84;3,54;11;37;72;79;288000;288000
1073;35;3,64;3;25;33;92;206000;187000
1074;4;3,99;4;29;12;53;212000;212000
1075;90;4,76;7;33;93;82;253000;228000
1076;61;4,29;6;28;59;0;191000;191000
1077;40;4,33;5;31;31;62;221000;206000
1078;40;3,50;2;25;38;88;202000;173000
1079;25;3,43;6;32;34;32;249000;208000
1080;47;3,36;0;26;45;0;88000;88000
1081;38;4,39;2;27;39;81;187000;174000
1082;7;3,50;13;35;7;71;365000;339000
1083;88;3,11;2;28;91;91;152000;136000
1084;80;3,45;7;32;78;58;247000;226000
1085;40;4,14;1;23;45;30;132000;132000
1086;10;3,31;5;31;8;24;196000;196000
1087;90;4,72;2;25;100;45;148000;138000
1088;83;3,30;4;27;76;0;131000;131000
1089;96;4,65;14;39;100;54;345000;321000
1090;11;4,20;13;37;19;23;310000;310000
1091;74;4,17;1;25;61;86;162000;151000
1092;24;4,99;6;31;17;80;263000;245000
1093;86;3,21;3;28;83;90;136000;136000
1094;33;3,65;16;41;26;20;404000;369000
1095;53;3,11;7;33;53;46;208000;193000
1096;37;3,88;9;31;25;0;278000;259000
1097;91;3,32;7;33;86;34;201000;183000
1098;20;4,00;10;36;23;73;355000;326000
1099;32;3,91;2;25;40;28;152000;152000
1100;54;3,68;11;35;49;56;327000;304000
1101;75;5,00;6;29;66;89;241000;241000
1102;25;4,96;3;28;28;72;189000;189000
1103;91;4,83;5;28;88;95;211000;196000
1104;57;3,20;14;36;57;72;389000;354000
1105;10;3,94;16;40;4;0;374000;374000
1106;69;3,76;4;29;63;24;180000;159000
1107;88;4,84;19;41;84;32;419000;419000
1108;4;3,09;11;35;5;75;291000;291000
1109;73;4,36;3;26;87;50;171000;159000
1110;30;3,92;4;28;37;79;245000;212000
1111;21;3,15;15;41;14;78;431000;353000
1112;50;4,71;2;27;69;93;178000;178000
1113;3;4,96;9;33;18;26;354000;308000
1114;37;4,55;3;27;37;44;205000;191000
1115;93;4,53;9;32;81;59;294000;239000
1116;47;4,46;2;26;34;73;167000;167000
1117;70;4,75;5;31;82;81;259000;208000
1118;44;4,61;6;28;36;0;262000;229000
1119;93;4,35;5;31;83;0;180000;167000
1120;87;4,50;4;29;97;67;165000;165000
1121;4;4,24;15;39;8;0;428000;391000
1122;39;4,30;2;24;36;58;210000;163000
1123;31;4,77;2;27;17;89;203000;203000
1124;20;4,77;9;34;34;55;262000;262000
1125;57;3,89;3;27;66;65;153000;153000
1126;16;4,90;12;34;23;96;438000;338000
1127;43;3,49;2;28;47;95;159000;159000
1128;43;4,55;11;37;57;0;339000;274000
1129;17;4,08;11;33;16;0;342000;287000
1130;42;3,03;4;27;40;87;173000;173000
1131;58;4,56;7;29;52;86;249000;249000
1132;4;3,12;6;31;5;33;232000;232000
1133;10;4,80;4;27;15;90;268000;235000
1134;77;4,06;6;32;79;34;232000;203000
1135;99;4,10;13;38;93;78;316000;316000
1136;41;3,85;9;33;42;80;250000;250000
1137;12;3,86;10;34;15;91;335000;312000
1138;53;3,71;9;34;43;26;304000;255000
1139;46;3,21;7;30;42;0;239000;201000
1140;98;3,56;3;28;93;99;170000;158000
1141;4;4,22;9;33;10;63;298000;277000
1142;19;4,13;5;28;20;23;194000;194000
1143;49;3,84;5;29;46;96;198000;198000
1144;21;4,51;1;23;27;74;183000;170000
1145;35;3,43;7;31;29;82;259000;238000
1146;29;3,79;8;30;31;47;292000;266000
1147;38;3,66;0;25;41;84;148000;138000
1148;46;3,14;13;35;52;78;384000;339000
1149;74;3,86;5;30;71;41;213000;188000
1150;89;4,84;2;24;96;95;168000;155000
1151;40;4,49;3;26;50;44;218000;179000
1152;94;4,92;9;32;99;38;243000;226000
1153;20;4,52;9;32;30;92;346000;302000
1154;73;4,29;17;41;69;100;394000;394000
1155;61;3,88;4;28;54;0;169000;152000
1156;48;4,66;2;24;43;84;186000;186000
1157;95;4,79;6;32;90;39;247000;204000
1158;44;4,96;2;25;38;0;181000;168000
1159;68;4,05;3;27;74;96;160000;160000
1160;43;3,13;2;27;39;97;192000;159000
1161;75;4,33;14;38;87;96;390000;327000
1162;72;3,75;11;34;69;87;266000;266000
1163;66;3,72;5;28;72;44;178000;166000
1164;10;3,59;11;37;7;87;289000;289000
1165;99;4,24;8;31;100;41;251000;208000
1166;47;4,35;3;28;59;77;180000;180000
1167;61;4,81;3;29;69;68;196000;182000
1168;21;4,63;11;34;20;26;346000;322000
1169;71;4,87;10;36;74;54;294000;273000
1170;56;3,18;14;39;50;23;321000;299000
1171;48;3,47;18;42;49;0;423000;368000
1172;19;3,28;4;29;25;37;212000;186000
1173;79;3,01;2;26;79;97;148000;132000
1174;37;3,48;2;25;41;99;178000;162000
1175;64;4,19;0;26;52;20;124000;110000
1176;54;3,37;9;35;48;28;294000;246000
1177;65;4,11;5;30;72;22;186000;173000
1178;31;4,47;8;34;33;62;252000;252000
1179;44;4,63;3;28;53;37;163000;163000
1180;59;3,07;3;26;57;60;185000;155000
1181;70;3,95;1;24;66;0;124000;109000
1182;48;3,87;5;30;63;69;205000;191000
1183;89;4,00;14;40;88;75;357000;332000
1184;70;3,59;2;26;73;59;145000;145000
1185;22;4,38;5;27;19;75;229000;229000
1186;8;3,15;8;32;1;40;307000;242000
1187;78;4,36;6;29;90;69;257000;199000
1188;20;4,36;15;39;25;29;400000;372000
1189;51;3,63;4;26;56;91;179000;179000
1190;91;3,89;18;42;91;82;369000;369000
1191;10;3,90;14;39;24;60;402000;374000
1192;71;4,08;13;36;70;42;360000;314000
1193;16;4,97;11;34;16;67;352000;352000
1194;17;4,22;2;26;15;81;203000;189000
1195;74;3,15;16;38;62;90;395000;343000
1196;17;3,87;14;36;20;86;345000;345000
1197;42;4,87;3;29;54;90;199000;199000
1198;79;4,07;6;29;69;94;206000;206000
1199;93;4,80;4;30;100;0;191000;166000
1200;34;4,30;11;36;38;23;314000;292000
1201;38;4,28;4;27;42;29;213000;182000
1202;54;3,97;3;29;42;0;181000;150000
1203;45;4,95;2;26;41;35;168000;156000
1204;13;3,10;15;41;12;40;414000;381000
1205;93;3,63;11;36;100;83;244000;244000
1206;65;3,91;3;29;64;26;150000;150000
1207;84;4,35;4;26;88;66;205000;177000
1208;52;3,10;7;31;45;29;213000;198000
1209;71;3,56;18;44;86;63;411000;377000
1210;19;3,40;7;33;33;0;196000;196000
1211;61;4,04;2;28;72;70;191000;162000
1212;39;4,19;7;33;53;92;251000;251000
1213;48;3,66;2;27;35;100;153000;153000
1214;84;4,57;11;37;76;26;302000;267000
1215;81;4,44;11;36;88;0;321000;252000
1216;3;3,88;5;30;12;72;245000;228000
1217;61;4,75;10;32;58;81;317000;292000
1218;23;3,92;7;33;13;53;273000;240000
1219;32;3,56;4;28;33;82;199000;185000
1220;93;3,55;2;28;80;70;156000;144000
1221;19;3,58;4;26;14;81;200000;200000
1222;35;4,87;9;32;42;0;306000;260000
1223;7;4,34;7;30;14;32;285000;243000
1224;71;4,96;3;28;73;45;200000;171000
1225;37;4,29;14;36;33;24;412000;330000
1226;23;4,87;1;26;18;43;206000;183000
1227;38;4,75;0;26;23;78;195000;161000
1228;64;4,78;2;28;52;44;190000;160000
1229;94;3,92;4;27;100;44;149000;149000
1230;52;4,65;7;29;52;32;225000;225000
1231;42;4,87;0;25;43;58;161000;150000
1232;34;4,31;9;31;47;79;283000;283000
1233;65;4,85;13;37;60;67;371000;327000
1234;18;3,96;6;32;7;90;301000;262000
1235;86;4,65;11;37;88;66;265000;265000
1236;8;4,66;14;37;5;39;350000;350000
1237;57;3,23;3;29;39;27;155000;144000
1238;59;4,13;7;31;60;70;230000;214000
1239;28;4,16;1;25;24;0;166000;150000
1240;61;3,06;5;28;51;73;191000;191000
1241;58;4,74;14;39;76;37;377000;335000
1242;23;4,99;5;28;32;48;273000;243000
1243;39;3,93;10;35;24;64;273000;273000
1244;93;4,53;1;26;90;22;113000;105000
1245;77;3,07;8;30;77;89;220000;220000
1246;8;3,28;18;41;10;93;423000;423000
1247;87;4,64;3;26;96;55;147000;147000
1248;95;4,82;8;33;94;26;280000;246000
1249;86;3,76;7;32;80;88;233000;233000
1250;39;4,72;2;27;42;91;195000;181000
1251;68;3,27;3;26;66;67;142000;142000
1252;25;3,10;5;31;27;29;182000;182000
1253;93;4,34;3;26;97;21;136000;136000
1254;95;3,23;19;44;89;97;444000;391000
1255;31;4,10;11;36;19;66;333000;310000
1256;13;4,61;10;34;15;67;313000;291000
1257;29;4,48;0;26;38;39;134000;134000
1258;73;4,67;6;30;68;82;279000;236000
1259;63;3,92;10;34;69;89;346000;303000
1260;68;3,07;12;34;79;72;268000;268000
1261;9;4,41;0;26;6;98;208000;179000
1262;3;3,01;7;29;3;0;253000;226000
1263;37;3,03;12;37;43;0;256000;256000
1264;25;4,24;4;28;8;70;197000;197000
1265;59;4,13;18;41;54;0;467000;392000
1266;5;3,19;5;31;19;21;224000;188000
1267;56;4,29;4;26;70;92;210000;189000
1268;10;4,37;4;30;1;24;197000;197000
1269;3;4,92;8;33;9;92;357000;302000
1270;70;3,66;10;33;67;30;269000;269000
1271;7;3,20;3;25;1;70;230000;186000
1272;82;3,55;18;43;93;90;467000;385000
1273;88;4,17;5;31;86;0;163000;163000
1274;82;3,31;5;29;87;0;135000;135000
1275;47;4,52;2;24;50;72;161000;161000
1276;71;3,19;8;32;79;21;206000;206000
1277;11;4,45;7;30;6;37;253000;235000
1278;19;3,13;6;31;16;29;214000;214000
1279;93;4,25;8;31;88;0;216000;216000
1280;49;4,61;4;28;50;96;200000;200000
1281;89;3,40;4;29;95;82;200000;172000
1282;42;3,75;12;37;40;92;309000;309000
1283;24;4,36;7;32;29;28;286000;257000
1284;53;4,35;2;26;51;39;178000;165000
1285;10;3,90;8;34;2;73;298000;277000
1286;47;4,40;12;38;52;30;286000;286000
1287;86;3,71;9;31;75;62;297000;243000
1288;2;3,20;3;29;1;93;191000;191000
1289;60;4,54;8;34;76;57;258000;258000
1290;15;4,66;10;34;37;78;364000;319000
1291;45;3,95;6;31;42;34;191000;191000
1292;14;4,35;3;26;20;90;198000;198000
1293;60;3,46;5;28;64;98;241000;203000
1294;55;3,78;9;32;65;28;267000;248000
1295;69;3,37;4;29;77;60;181000;168000
1296;76;3,23;5;30;83;58;210000;178000
1297;87;3,27;2;26;92;0;105000;105000
1298;74;3,77;3;29;79;42;161000;150000
1299;18;3,37;12;38;25;0;276000;276000
1300;72;4,01;6;31;74;76;225000;202000
1301;4;4,59;3;25;2;78;236000;219000
1302;64;4,10;2;24;73;89;190000;160000
1303;97;3,08;10;36;98;51;232000;232000
1304;58;3,53;13;35;66;35;350000;295000
1305;95;4,18;5;31;91;0;156000;156000
1306;8;4,14;7;33;4;61;322000;257000
1307;74;3,53;13;35;82;27;358000;310000
1308;17;4,40;2;25;27;51;207000;186000
1309;63;3,28;8;33;60;31;226000;226000
1310;89;4,87;5;30;91;20;219000;196000
1311;12;4,46;6;30;20;74;297000;256000
1312;42;4,66;4;30;30;0;221000;197000
1313;88;4,52;1;26;100;78;121000;121000
1314;26;4,99;14;38;27;55;341000;341000
1315;11;3,74;14;37;21;49;365000;335000
1316;13;3,00;6;29;16;86;259000;217000
1317;90;3,69;2;27;86;31;139000;116000
1318;41;3,74;4;29;32;37;204000;190000
1319;9;4,06;0;23;1;39;177000;151000
1320;57;4,72;2;24;61;0;136000;136000
1321;45;4,93;4;27;45;96;243000;226000
1322;100;4,88;1;25;100;97;155000;144000
1323;38;4,29;11;34;34;96;293000;293000
1324;2;4,97;15;38;2;92;426000;396000
1325;23;4,53;16;38;25;25;463000;414000
1326;51;4,01;8;34;51;74;288000;242000
1327;69;4,08;3;25;65;39;170000;158000
1328;82;4,53;9;31;90;75;298000;277000
1329;8;3,49;14;36;1;42;326000;326000
1330;90;3,02;6;30;93;53;167000;167000
1331;100;4,75;10;32;100;54;283000;258000
1332;74;4,26;6;32;72;83;261000;212000
1333;21;3,51;2;28;19;20;138000;138000
1334;32;3,09;5;28;28;24;201000;187000
1335;95;4,31;3;26;83;29;159000;140000
1336;87;4,80;3;29;93;71;156000;156000
1337;37;4,55;4;26;36;92;253000;229000
1338;32;3,93;8;33;31;45;290000;259000
1339;32;3,30;15;37;32;21;414000;319000
1340;85;3,75;10;34;92;0;251000;228000
1341;63;4,92;16;39;62;86;403000;403000
1342;59;4,95;2;24;55;70;161000;161000
1343;56;4,32;2;26;55;61;162000;151000
1344;10;4,89;2;28;16;0;162000;162000
1345;41;3,81;7;30;32;31;215000;215000
1346;91;4,39;1;25;93;0;121000;113000
1347;51;4,03;9;33;53;77;293000;272000
1348;13;3,92;11;34;8;0;268000;268000
1349;29;3,26;12;36;21;0;316000;294000
1350;10;3,04;1;26;1;31;168000;149000
1351;43;3,25;15;37;48;70;370000;344000
1352;55;3,35;3;26;64;77;196000;155000
1353;80;4,23;9;34;71;0;230000;214000
1354;26;4,29;11;34;31;89;377000;351000
1355;92;3,72;7;32;86;54;195000;195000
1356;29;3,06;11;35;37;0;329000;272000
1357;99;4,17;3;26;100;27;159000;148000
1358;74;4,69;11;35;80;42;273000;273000
1359;95;4,40;14;36;92;38;343000;306000
1360;64;4,08;3;25;56;0;144000;144000
1361;68;3,96;4;30;69;61;163000;163000
1362;91;4,83;11;37;95;29;281000;281000
1363;51;4,17;4;28;54;82;222000;192000
1364;72;4,39;15;39;75;95;425000;361000
1365;94;4,38;2;24;100;92;136000;136000
1366;79;3,44;7;32;72;0;216000;184000
1367;41;3,34;13;35;46;62;333000;310000
1368;32;4,39;5;27;21;26;217000;217000
1369;22;4,77;6;31;17;93;292000;272000
1370;21;3,90;11;33;27;60;302000;281000
1371;44;3,34;5;27;27;0;195000;181000
1372;62;4,41;6;29;57;75;214000;214000
1373;27;4,95;5;31;24;56;232000;216000
1374;51;4,14;12;35;38;0;262000;262000
1375;85;4,25;6;28;89;30;204000;185000
1376;51;3,94;14;38;51;0;343000;307000
1377;49;3,74;6;30;43;92;208000;208000
1378;86;3,19;9;35;88;95;235000;219000
1379;50;4,64;5;31;42;50;226000;204000
1380;92;3,07;7;33;74;99;199000;199000
1381;58;3,35;17;40;59;75;360000;360000
1382;19;4,67;4;26;15;0;215000;200000
1383;36;4,04;14;36;38;73;328000;328000
1384;73;4,18;10;32;62;92;330000;300000
1385;69;4,76;13;37;62;24;302000;302000
1386;80;4,22;9;31;86;62;284000;238000
1387;61;4,84;14;36;53;82;427000;374000
1388;30;3,27;17;42;42;61;376000;376000
1389;83;3,18;6;31;82;27;187000;168000
1390;40;4,42;5;31;26;23;197000;197000
1391;26;4,67;4;29;33;67;254000;219000
1392;82;4,85;9;32;84;96;287000;287000
1393;61;4,17;5;28;64;31;188000;188000
1394;21;4,71;11;34;15;48;361000;315000
1395;53;4,03;13;35;48;21;302000;302000
1396;40;4,43;10;34;40;68;351000;299000
1397;28;3,93;9;35;25;67;303000;282000
1398;37;3,60;2;24;39;55;174000;162000
1399;34;4,31;15;39;37;27;419000;379000
1400;77;3,81;4;27;85;83;219000;173000
1401;54;3,81;10;36;51;48;305000;280000
1402;61;4,81;9;35;50;41;318000;288000
1403;24;3,59;6;30;22;62;254000;221000
1404;29;4,49;4;28;18;94;222000;222000
1405;61;3,11;8;34;63;84;219000;219000
1406;68;3,60;1;24;66;0;101000;101000
1407;73;4,79;17;40;67;82;399000;399000
1408;41;4,27;0;24;52;41;141000;125000
1409;98;4,56;2;27;92;69;131000;131000
1410;94;3,75;0;24;87;87;106000;106000
1411;81;4,47;3;27;79;59;157000;157000
1412;39;4,90;6;32;42;63;252000;252000
1413;18;3,69;14;38;18;71;320000;320000
1414;17;3,42;1;27;12;66;176000;163000
1415;49;4,75;4;30;41;0;170000;170000
1416;7;4,38;5;30;1;0;210000;210000
1417;27;4,39;8;32;23;99;313000;273000
1418;14;4,02;8;32;15;0;231000;231000
1419;26;4,56;12;35;20;90;367000;336000
1420;62;3,66;0;22;68;93;141000;121000
1421;12;4,56;2;24;21;57;184000;171000
1422;23;4,75;12;36;16;60;353000;326000
1423;98;4,78;0;23;95;76;149000;120000
1424;94;3,19;12;35;89;0;258000;240000
1425;50;4,38;6;31;41;0;234000;196000
1426;21;3,21;14;39;9;76;334000;334000
1427;46;4,22;13;36;36;76;308000;308000
1428;41;3,02;13;39;41;93;370000;316000
1429;86;4,75;7;33;95;64;255000;236000
1430;20;4,68;7;33;26;0;268000;232000
1431;61;4,70;13;35;61;55;300000;300000
1432;83;3,76;12;34;75;93;315000;315000
1433;58;3,63;17;39;64;20;423000;380000
1434;80;4,28;13;39;84;78;390000;318000
1435;7;4,63;12;36;1;66;397000;334000
1436;98;4,32;0;24;93;57;116000;107000
1437;14;3,09;3;26;19;52;191000;168000
1438;51;3,43;12;35;39;33;337000;277000
1439;82;4,67;8;33;71;83;227000;227000
1440;71;4,87;12;37;73;42;348000;297000
1441;17;3,21;9;35;24;97;339000;295000
1442;36;3,80;5;29;29;37;189000;189000
1443;96;4,02;12;38;100;100;288000;288000
1444;92;3,58;5;28;82;42;180000;167000
1445;42;4,42;10;36;31;73;336000;312000
1446;69;3,57;12;34;70;23;285000;264000
1447;8;3,40;10;33;20;0;245000;245000
1448;27;4,51;1;26;25;0;172000;152000
1449;29;4,48;7;30;14;26;298000;245000
1450;88;3,63;7;29;87;45;223000;207000
1451;57;4,66;14;38;57;44;340000;316000
1452;88;3,15;16;42;77;0;285000;285000
1453;34;3,26;8;32;42;25;218000;218000
1454;7;4,55;8;32;7;93;319000;281000
1455;91;3,64;3;26;77;89;170000;150000
1456;29;4,77;9;33;27;47;349000;295000
1457;61;4,99;12;34;66;98;404000;327000
1458;6;4,37;4;26;10;89;262000;217000
1459;67;4,64;5;31;64;44;202000;188000
1460;13;3,33;16;42;13;100;359000;359000
1461;100;3,43;9;31;100;75;259000;241000
1462;96;4,37;1;25;100;0;94000;94000
1463;33;4,12;7;30;39;71;259000;235000
1464;87;3,24;0;26;82;0;85000;70000
1465;10;3,72;6;30;11;0;249000;216000
1466;51;4,64;1;24;44;37;170000;157000
1467;70;3,59;8;32;62;67;287000;221000
1468;72;3,28;1;27;56;88;142000;125000
1469;27;4,50;14;38;31;38;335000;335000
1470;33;3,39;3;29;49;90;189000;176000
1471;38;4,34;4;27;36;36;218000;189000
1472;37;4,24;14;38;27;62;392000;350000
1473;75;3,30;7;31;79;48;231000;210000
1474;36;4,68;2;26;34;79;194000;194000
1475;63;4,10;3;29;68;88;170000;170000
1476;81;3,15;2;24;84;100;126000;126000
1477;52;4,54;3;25;42;80;214000;184000
1478;51;3,45;11;35;47;0;281000;252000
1479;47;4,00;9;35;41;0;233000;233000
1480;73;4,32;16;41;60;25;342000;342000
1481;9;3,53;3;26;1;78;235000;185000
1482;84;3,65;9;35;82;55;281000;233000
1483;70;4,14;5;30;62;86;202000;202000
1484;29;4,03;5;29;37;81;266000;209000
1485;18;3,88;3;29;14;66;211000;196000
1486;85;3,46;11;33;80;81;290000;270000
1487;83;4,67;1;23;90;0;123000;123000
1488;19;3,11;4;27;26;71;211000;196000
1489;3;4,76;10;34;8;80;388000;315000
1490;53;4,20;11;34;51;85;301000;301000
1491;44;4,84;8;30;44;0;237000;237000
1492;65;4,37;12;38;72;0;302000;281000
1493;5;4,76;7;29;14;89;332000;302000
1494;100;4,36;6;31;100;25;210000;186000
1495;62;4,58;5;31;67;93;202000;202000
1496;62;4,53;14;36;45;89;369000;343000
1497;91;4,49;0;26;91;60;118000;109000
1498;55;4,30;4;30;55;66;214000;199000
1499;51;4,51;5;31;43;52;261000;217000
1500;100;4,41;10;32;100;77;309000;287000
1501;13;3,43;5;29;16;26;191000;191000
1502;1;4,61;12;37;1;75;326000;326000
1503;48;3,16;1;26;55;56;144000;130000
1504;100;4,64;8;33;96;0;253000;230000
1505;67;3,57;1;27;54;24;118000;118000
1506;21;3,17;4;29;20;70;200000;186000
1507;2;4,47;2;24;1;94;208000;208000
1508;36;3,45;16;41;32;93;340000;340000
1509;65;3,21;2;26;62;52;160000;142000
1510;74;3,50;6;31;77;51;223000;207000
1511;59;4,36;14;36;52;48;382000;331000
1512;41;3,82;5;31;41;0;218000;180000
1513;12;3,80;10;34;28;65;286000;286000
1514;24;4,89;9;32;32;45;280000;280000
1515;34;3,41;3;26;37;35;197000;169000
1516;85;3,99;0;26;78;81;120000;112000
1517;74;4,74;6;32;72;26;223000;207000
1518;70;3,07;5;28;75;35;188000;168000
1519;89;3,02;9;34;82;53;214000;214000
1520;35;3,94;8;32;31;74;253000;253000
1521;48;3,73;5;30;49;49;230000;206000
1522;31;4,11;13;36;34;0;387000;304000
1523;2;3,35;6;32;1;52;251000;233000
1524;51;3,20;3;26;49;80;196000;159000
1525;96;3,67;5;31;82;72;168000;168000
1526;78;3,40;7;33;72;56;211000;211000
1527;63;4,55;6;28;58;38;257000;223000
1528;44;3,84;8;33;48;29;219000;219000
1529;41;3,63;4;28;34;66;219000;194000
1530;58;3,83;3;25;53;0;142000;142000
1531;96;4,40;2;25;93;80;160000;140000
1532;51;4,05;18;40;53;39;362000;362000
1533;50;3,62;4;28;46;41;159000;159000
1534;42;4,73;6;32;43;90;259000;259000
1535;90;4,08;8;33;82;87;267000;245000
1536;45;3,96;3;25;36;66;186000;173000
1537;2;3,00;12;35;1;0;360000;322000
1538;62;3,60;11;35;69;20;287000;257000
1539;72;3,87;4;29;74;0;169000;155000
1540;79;4,62;9;33;74;88;317000;271000
1541;9;3,36;4;29;4;44;196000;182000
1542;69;3,04;16;40;64;76;399000;341000
1543;20;3,03;3;28;14;79;205000;171000
1544;11;4,69;15;37;24;70;358000;358000
1545;25;4,79;4;29;26;51;219000;219000
1546;32;4,48;1;26;28;32;164000;164000
1547;61;3,78;16;40;68;90;396000;362000
1548;82;3,60;5;27;92;47;212000;168000
1549;56;3,65;3;27;49;25;167000;155000
1550;89;4,19;5;27;84;83;180000;180000
1551;98;4,25;1;24;93;0;98000;98000
1552;83;4,51;11;36;69;22;311000;274000
1553;18;3,50;1;26;8;92;158000;158000
1554;94;3,94;13;39;90;90;295000;295000
1555;58;3,59;4;28;44;43;208000;180000
1556;47;4,55;3;25;50;88;229000;189000
1557;88;4,00;7;33;86;32;219000;194000
1558;17;3,36;1;23;25;32;125000;125000
1559;50;4,32;7;33;49;29;205000;205000
1560;84;3,98;13;35;91;27;298000;298000
1561;54;4,64;11;33;56;0;259000;259000
1562;28;4,92;2;25;22;44;175000;175000
1563;73;4,25;3;29;69;65;189000;176000
1564;55;4,77;3;26;56;84;195000;181000
1565;77;3,89;5;29;51;72;227000;197000
1566;93;3,65;3;29;84;90;189000;153000
1567;58;3,89;5;27;68;58;174000;174000
1568;28;4,71;1;25;26;85;193000;179000
1569;20;3,19;6;29;24;49;212000;212000
1570;74;3,80;14;36;79;81;314000;314000
1571;89;4,41;12;34;83;93;316000;316000
1572;99;3,67;13;38;95;35;339000;277000
1573;84;4,70;15;40;93;92;338000;338000
1574;29;3,31;9;34;32;96;301000;263000
1575;56;3,58;5;28;51;90;211000;195000
1576;65;3,87;9;32;72;45;262000;244000
1577;26;4,12;19;45;26;61;488000;443000
1578;15;4,34;6;30;18;64;269000;232000
1579;40;3,34;5;30;33;49;187000;187000
1580;97;4,46;2;24;90;99;189000;167000
1581;37;3,03;9;31;33;88;256000;256000
1582;97;3,52;6;29;100;22;174000;174000
1583;68;3,09;3;27;71;79;171000;144000
1584;50;4,32;9;33;61;22;253000;253000
1585;50;3,46;5;27;57;31;174000;174000
1586;59;4,12;10;32;53;87;287000;287000
1587;96;3,31;5;29;91;84;173000;161000
1588;33;4,76;13;35;38;55;335000;335000
1589;51;4,31;2;27;39;49;168000;156000
1590;55;4,94;14;38;53;36;334000;311000
1591;70;4,37;3;26;65;37;169000;169000
1592;99;3,29;15;38;100;91;351000;326000
1593;24;3,64;13;35;25;72;336000;336000
1594;82;4,87;4;27;65;0;162000;162000
1595;79;4,23;8;34;79;65;220000;220000
1596;18;4,00;8;32;23;69;286000;259000
1597;25;3,45;5;27;42;45;230000;189000
1598;57;4,73;6;30;48;51;236000;236000
1599;78;4,47;5;29;63;88;225000;225000
1600;5;4,04;6;28;16;51;257000;239000
1601;95;3,08;5;27;98;56;168000;156000
1602;79;4,84;9;32;87;77;247000;247000
1603;24;4,56;15;41;29;42;391000;391000
1604;26;4,77;2;26;32;40;203000;170000
1605;15;4,41;8;30;7;85;316000;277000
1606;71;3,76;11;35;69;39;258000;258000
1607;99;4,42;5;29;96;43;167000;167000
1608;26;3,01;11;33;5;83;327000;285000
1609;64;3,48;8;33;55;20;215000;215000
1610;80;4,26;12;35;82;0;261000;261000
1611;5;3,29;1;27;8;26;133000;133000
1612;21;4,34;8;34;15;91;271000;271000
1613;75;3,72;1;25;67;74;155000;125000
1614;61;3,27;9;33;76;72;264000;246000
1615;79;3,12;7;33;88;56;207000;207000
1616;34;4,05;18;42;33;98;461000;429000
1617;81;4,00;11;37;81;35;242000;242000
1618;16;4,47;3;29;22;72;185000;185000
1619;82;3,42;8;32;81;90;233000;217000
1620;88;3,67;5;31;90;23;193000;158000
1621;44;4,84;6;31;47;100;264000;264000
1622;43;3,92;12;34;31;58;342000;318000
1623;72;4,07;3;27;77;39;153000;142000
1624;49;4,25;12;38;33;43;343000;319000
1625;97;3,62;13;35;96;67;309000;309000
1626;28;4,05;3;27;31;45;219000;182000
1627;4;4,60;14;37;10;87;385000;358000
1628;99;4,74;12;38;100;36;277000;258000
1629;50;4,43;7;29;49;31;234000;234000
1630;14;4,04;9;33;16;0;304000;273000
1631;27;3,64;3;27;13;54;170000;170000
1632;2;4,92;7;29;1;64;302000;274000
1633;91;4,61;7;30;100;76;206000;206000
1634;87;3,10;5;27;91;42;182000;169000
1635;81;4,67;9;35;76;88;248000;248000
1636;98;3,93;2;27;100;0;109000;109000
1637;99;3,93;3;26;100;66;151000;151000
1638;86;3,66;13;37;99;23;259000;259000
1639;62;3,92;3;27;58;0;171000;154000
1640;42;4,11;2;26;39;71;186000;165000
1641;32;4,10;17;42;37;75;467000;404000
1642;44;4,09;3;25;46;93;224000;182000
1643;77;3,93;7;32;85;0;181000;181000
1644;99;4,64;4;26;100;0;178000;163000
1645;97;4,27;0;23;92;98;133000;118000
1646;88;4,75;4;28;80;75;215000;200000
1647;12;4,17;8;34;8;67;333000;300000
1648;1;4,41;12;36;3;0;320000;298000
1649;56;4,40;5;29;54;47;228000;206000
1650;25;4,11;12;36;17;39;317000;317000
1651;17;3,27;2;24;27;37;141000;141000
1652;54;4,72;13;39;67;99;331000;331000
1653;71;4,64;5;28;75;50;227000;196000
1654;70;4,15;1;23;80;67;126000;126000
1655;89;3,16;10;36;100;79;265000;246000
1656;79;3,18;6;28;76;89;232000;196000
1657;7;4,81;7;29;1;62;285000;285000
1658;38;3,58;1;27;39;92;151000;151000
1659;75;3,34;1;25;79;30;99000;99000
1660;36;3,50;8;32;25;21;272000;244000
1661;76;4,48;9;33;78;82;254000;254000
1662;5;3,69;2;25;1;39;202000;180000
1663;53;4,54;3;28;52;64;167000;167000
1664;15;3,11;6;31;10;88;227000;227000
1665;50;3,95;2;27;68;60;189000;161000
1666;6;3,19;7;31;7;75;275000;256000
1667;35;3,67;4;26;34;50;215000;193000
1668;25;4,04;9;32;35;21;296000;275000
1669;2;3,82;7;32;1;24;221000;221000
1670;77;4,31;12;38;87;35;267000;267000
1671;49;4,31;14;40;50;0;311000;311000
1672;85;4,87;8;32;80;61;242000;242000
1673;36;4,55;5;29;42;42;224000;208000
1674;26;4,22;3;28;25;0;183000;170000
1675;79;4,29;14;38;81;52;379000;308000
1676;64;3,30;8;30;65;54;214000;214000
1677;51;4,15;7;32;42;28;245000;214000
1678;89;4,64;6;32;90;65;212000;197000
1679;8;4,26;16;38;1;78;469000;400000
1680;26;3,35;1;26;37;58;161000;150000
1681;81;4,38;6;31;80;95;216000;216000
1682;70;4,29;6;31;65;22;182000;182000
1683;93;3,09;2;28;81;39;130000;110000
1684;10;3,07;2;24;13;99;161000;161000
1685;17;3,03;8;32;18;95;240000;240000
1686;15;3,99;11;34;11;0;282000;282000
1687;95;4,36;4;30;88;47;193000;172000
1688;43;3,13;4;29;40;67;195000;181000
1689;75;3,08;2;28;71;30;106000;106000
1690;12;4,41;8;32;15;80;322000;276000
1691;82;3,54;6;29;92;0;162000;162000
1692;12;4,25;11;35;7;91;324000;301000
1693;68;4,95;8;34;59;46;250000;232000
1694;20;4,37;16;41;19;40;435000;367000
1695;83;3,73;3;27;75;25;130000;130000
1696;69;3,35;11;36;81;29;311000;272000
1697;76;4,16;5;29;76;50;217000;202000
1698;49;4,78;2;28;52;75;168000;168000
1699;59;3,36;5;30;56;45;184000;171000
1700;73;3,12;2;27;61;41;145000;122000
1701;38;4,21;11;37;46;49;276000;276000
1702;63;4,72;3;28;57;55;160000;160000
1703;32;3,50;6;29;40;0;215000;186000
1704;6;3,08;6;32;1;0;222000;206000
1705;90;4,64;6;29;100;72;257000;202000
1706;38;3,48;19;41;44;59;390000;390000
1707;74;4,49;1;26;69;43;156000;133000
1708;60;4,41;0;22;60;62;141000;129000
1709;97;3,54;15;41;92;99;402000;353000
1710;8;4,03;14;38;5;34;364000;339000
1711;6;3,73;3;29;3;37;229000;181000
1712;15;4,30;10;36;5;46;348000;318000
1713;42;3,71;4;29;41;82;209000;209000
1714;61;4,42;9;35;63;77;301000;280000
1715;89;4,62;15;37;95;0;331000;308000
1716;10;3,22;4;27;25;46;202000;188000
1717;38;3,83;9;32;29;22;255000;237000
1718;30;4,67;7;31;31;63;289000;269000
1719;63;4,19;9;35;56;0;281000;233000
1720;34;3,45;5;29;36;26;180000;180000
1721;22;4,24;3;29;17;39;177000;177000
1722;41;4,15;6;30;61;91;266000;243000
1723;45;3,30;6;29;41;0;229000;199000
1724;59;4,86;3;29;58;62;207000;182000
1725;38;4,94;10;36;30;76;313000;291000
1726;62;4,80;2;28;49;0;133000;133000
1727;29;3,89;2;24;24;55;161000;150000
1728;58;4,35;16;42;54;82;382000;382000
1729;8;4,82;5;28;6;21;227000;227000
1730;58;4,75;2;27;49;73;204000;171000
1731;94;4,94;6;31;100;0;182000;182000
1732;68;4,97;1;27;76;31;124000;124000
1733;35;3,83;7;33;35;68;240000;240000
1734;39;4,67;4;30;34;48;184000;184000
1735;34;3,60;8;33;42;42;258000;240000
1736;32;3,06;11;36;40;28;302000;273000
1737;62;4,13;13;38;76;93;296000;296000
1738;75;3,12;4;27;72;26;145000;145000
1739;46;3,10;4;26;32;32;184000;162000
1740;42;4,74;12;36;40;66;306000;306000
1741;19;3,03;7;31;20;40;210000;210000
1742;29;4,66;11;37;20;87;391000;345000
1743;90;4,51;2;27;93;0;111000;111000
1744;89;3,73;12;38;86;63;271000;271000
1745;96;4,63;3;26;93;30;155000;155000
1746;15;3,16;11;36;8;0;259000;259000
1747;66;4,19;6;30;72;0;177000;177000
1748;78;3,41;14;37;79;23;278000;278000
1749;36;4,90;5;28;44;84;256000;225000
1750;75;4,53;7;30;63;41;272000;230000
1751;93;3,20;3;29;98;43;134000;134000
1752;24;4,67;17;42;16;49;423000;423000
1753;41;3,25;2;25;33;25;128000;128000
1754;50;3,57;8;32;50;76;240000;240000
1755;55;3,38;2;27;62;0;137000;127000
1756;51;3,88;9;31;48;0;248000;248000
1757;14;4,48;13;36;33;96;429000;363000
1758;30;4,68;10;34;38;94;344000;320000
1759;83;4,89;5;31;100;38;221000;182000
1760;33;3,98;3;26;25;0;187000;174000
1761;64;4,36;16;41;58;99;355000;355000
1762;97;4,04;6;31;92;83;215000;199000
1763;44;4,62;7;29;45;35;246000;229000
1764;49;3,89;1;24;48;58;169000;137000
1765;56;3,27;10;35;56;90;309000;281000
1766;61;4,12;3;25;50;83;197000;180000
1767;87;3,71;17;41;96;0;343000;343000
1768;75;3,05;13;37;79;74;301000;280000
1769;45;3,11;3;26;38;28;179000;144000
1770;22;3,04;4;29;13;74;211000;196000
1771;35;3,04;6;28;42;93;204000;204000
1772;89;4,35;4;30;88;63;166000;166000
1773;56;3,40;8;30;61;26;221000;221000
1774;29;4,25;16;42;20;0;370000;344000
1775;68;3,95;3;25;64;75;189000;167000
1776;54;3,80;8;33;48;90;244000;227000
1777;91;4,03;3;28;95;79;155000;155000
1778;79;4,71;14;40;98;27;345000;320000
1779;19;3,48;10;34;23;28;306000;285000
1780;35;4,65;9;33;28;50;292000;271000
1781;25;3,06;11;35;15;24;270000;270000
1782;4;3,52;11;37;6;25;366000;303000
1783;3;3,11;14;38;1;72;427000;369000
1784;12;3,79;12;35;2;93;391000;364000
1785;67;4,33;8;34;66;35;275000;234000
1786;75;4,47;11;34;91;47;265000;265000
1787;36;3,88;4;30;45;34;184000;184000
1788;88;3,49;4;27;91;67;189000;151000
1789;78;3,07;10;32;72;90;265000;265000
1790;90;3,73;12;34;76;50;335000;282000
1791;51;4,86;14;38;63;46;414000;336000
1792;57;4,26;13;38;64;55;385000;343000
1793;63;3,94;5;29;59;40;215000;192000
1794;46;3,84;10;36;29;78;327000;304000
1795;83;4,28;8;31;88;93;227000;227000
1796;67;4,43;11;34;67;72;347000;294000
1797;62;4,75;2;25;56;45;149000;149000
1798;51;4,75;15;41;37;22;434000;371000
1799;81;3,46;2;27;84;71;149000;139000
1800;20;3,18;5;31;31;0;208000;183000
